,movie_title,year,place,star_cast,rating,vote,link
0, Cadena perpetua,1994,1,"Frank Darabont (dir.), Tim Robbins, Morgan Freeman",9.239856258618092,,/title/tt0111161/
1, El padrino,1972,2,"Francis Ford Coppola (dir.), Marlon Brando, Al Pacino",9.160737544918108,,/title/tt0068646/
2, El caballero oscuro,2008,3,"Christopher Nolan (dir.), Christian Bale, Heath Ledger",8.992193010863582,,/title/tt0468569/
3, El padrino: Parte II,1974,4,"Francis Ford Coppola (dir.), Al Pacino, Robert De Niro",8.9899820371598,,/title/tt0071562/
4, 12 hombres sin piedad,1957,5,"Sidney Lumet (dir.), Henry Fonda, Lee J. Cobb",8.950328875940587,,/title/tt0050083/
5, La lista de Schindler,1993,6,"Steven Spielberg (dir.), Liam Neeson, Ralph Fiennes",8.939712393838871,,/title/tt0108052/
6, El señor de los anillos: El retorno del rey,2003,7,"Peter Jackson (dir.), Elijah Wood, Viggo Mortensen",8.926837886720827,,/title/tt0167260/
7, Pulp Fiction,1994,8,"Quentin Tarantino (dir.), John Travolta, Uma Thurman",8.859191334939089,,/title/tt0110912/
8, El señor de los anillos: La comunidad del anillo,2001,9,"Peter Jackson (dir.), Elijah Wood, Ian McKellen",8.811178590886895,,/title/tt0120737/
9,", El bueno, el feo y el malo",1966,1,"Sergio Leone (dir.), Clint Eastwood, Eli Wallach",8.802657254023883,,/title/tt0060196/
10, Forrest Gump,1994,11,"Robert Zemeckis (dir.), Tom Hanks, Robin Wright",8.776298882608698,,/title/tt0109830/
11, El club de la lucha,1999,12,"David Fincher (dir.), Brad Pitt, Edward Norton",8.760214616987689,,/title/tt0137523/
12, Origen,2010,13,"Christopher Nolan (dir.), Leonardo DiCaprio, Joseph Gordon-Levitt",8.743721978288637,,/title/tt1375666/
13, El señor de los anillos: Las dos torres,2002,14,"Peter Jackson (dir.), Elijah Wood, Ian McKellen",8.73522610427929,,/title/tt0167261/
14, El Imperio contraataca,1980,15,"Irvin Kershner (dir.), Mark Hamill, Harrison Ford",8.710048580258546,,/title/tt0080684/
15, Matrix,1999,16,"Lana Wachowski (dir.), Keanu Reeves, Laurence Fishburne",8.680647464080074,,/title/tt0133093/
16, Uno de los nuestros,1990,17,"Martin Scorsese (dir.), Robert De Niro, Ray Liotta",8.65870470738158,,/title/tt0099685/
17, Alguien voló sobre el nido del cuco,1975,18,"Milos Forman (dir.), Jack Nicholson, Louise Fletcher",8.64979793233308,,/title/tt0073486/
18, Seven,1995,19,"David Fincher (dir.), Morgan Freeman, Brad Pitt",8.611536418949026,,/title/tt0114369/
19, Los siete samuráis,1954,20,"Akira Kurosawa (dir.), Toshirô Mifune, Takashi Shimura",8.604479973071196,,/title/tt0047478/
20, ¡Qué bello es vivir!,1946,21,"Frank Capra (dir.), James Stewart, Donna Reed",8.603990626389473,,/title/tt0038650/
21, El silencio de los corderos,1991,22,"Jonathan Demme (dir.), Jodie Foster, Anthony Hopkins",8.596290549866021,,/title/tt0102926/
22, Salvar al soldado Ryan,1998,23,"Steven Spielberg (dir.), Tom Hanks, Matt Damon",8.585455039616969,,/title/tt0120815/
23, Ciudad de Dios,2002,24,"Fernando Meirelles (dir.), Alexandre Rodrigues, Leandro Firmino",8.585195750362253,,/title/tt0317248/
24, La vida es bella,1997,25,"Roberto Benigni (dir.), Roberto Benigni, Nicoletta Braschi",8.572196467489341,,/title/tt0118799/
25, La milla verde,1999,26,"Frank Darabont (dir.), Tom Hanks, Michael Clarke Duncan",8.567643830750194,,/title/tt0120689/
26, La guerra de las galaxias,1977,27,"George Lucas (dir.), Mark Hamill, Harrison Ford",8.564996483707148,,/title/tt0076759/
27, Interstellar,2014,28,"Christopher Nolan (dir.), Matthew McConaughey, Anne Hathaway",8.562163404137705,,/title/tt0816692/
28, Terminator 2: El juicio final,1991,29,"James Cameron (dir.), Arnold Schwarzenegger, Linda Hamilton",8.544437365202613,,/title/tt0103064/
29, Regreso al futuro,1985,30,"Robert Zemeckis (dir.), Michael J. Fox, Christopher Lloyd",8.527283477172325,,/title/tt0088763/
30, El viaje de Chihiro,2001,31,"Hayao Miyazaki (dir.), Daveigh Chase, Suzanne Pleshette",8.523518267983013,,/title/tt0245429/
31, Psicosis,1960,32,"Alfred Hitchcock (dir.), Anthony Perkins, Janet Leigh",8.515784314922284,,/title/tt0054215/
32, El profesional (Léon),Léon,33,"Luc Besson (dir.), Jean Reno, Gary Oldman",8.512933548489421,,/title/tt0110413/
33, El pianista,2002,34,"Roman Polanski (dir.), Adrien Brody, Thomas Kretschmann",8.511672136034527,,/title/tt0253474/
34, Parásitos,2019,35,"Bong Joon Ho (dir.), Kang-ho Song, Sun-kyun Lee",8.50221334988245,,/title/tt6751668/
35, El rey león,1994,36,"Roger Allers (dir.), Matthew Broderick, Jeremy Irons",8.498571068261695,,/title/tt0110357/
36, Gladiator (El gladiador),El gladiador,37,"Ridley Scott (dir.), Russell Crowe, Joaquin Phoenix",8.4947362561846,,/title/tt0172495/
37, American History X,1998,38,"Tony Kaye (dir.), Edward Norton, Edward Furlong",8.494120758810103,,/title/tt0120586/
38, Spider-Man: No Way Home,2021,39,"Jon Watts (dir.), Tom Holland, Zendaya",8.490366496872486,,/title/tt10872600/
39, Sospechosos habituales,1995,40,"Bryan Singer (dir.), Kevin Spacey, Gabriel Byrne",8.486799983421191,,/title/tt0114814/
40, Infiltrados,2006,41,"Martin Scorsese (dir.), Leonardo DiCaprio, Matt Damon",8.484080925128927,,/title/tt0407887/
41, El truco final (El prestigio),El prestigio,42,"Christopher Nolan (dir.), Christian Bale, Hugh Jackman",8.478008654565295,,/title/tt0482571/
42, Casablanca,1942,43,"Michael Curtiz (dir.), Humphrey Bogart, Ingrid Bergman",8.472147745174082,,/title/tt0034583/
43, Whiplash,2014,44,"Damien Chazelle (dir.), Miles Teller, J.K. Simmons",8.465189143287343,,/title/tt2582802/
44, Intocable,2011,45,"Olivier Nakache (dir.), François Cluzet, Omar Sy",8.462862882243451,,/title/tt1675434/
45, Tiempos modernos,1936,46,"Charles Chaplin (dir.), Charles Chaplin, Paulette Goddard",8.456840108492425,,/title/tt0027977/
46, Hasta que llegó su hora,1968,47,"Sergio Leone (dir.), Henry Fonda, Charles Bronson",8.455811222357672,,/title/tt0064116/
47, Harakiri,1962,48,"Masaki Kobayashi (dir.), Tatsuya Nakadai, Akira Ishihama",8.452702412824038,,/title/tt0056058/
48, La tumba de las luciérnagas,1988,49,"Isao Takahata (dir.), Tsutomu Tatsumi, Ayano Shiraishi",8.451701809364282,,/title/tt0095327/
49," Alien, el octavo pasajero",1979,50,"Ridley Scott (dir.), Sigourney Weaver, Tom Skerritt",8.44371246820139,,/title/tt0078748/
50, La ventana indiscreta,1954,51,"Alfred Hitchcock (dir.), James Stewart, Grace Kelly",8.44340096619992,,/title/tt0047396/
51, Luces de la ciudad,1931,52,"Charles Chaplin (dir.), Charles Chaplin, Virginia Cherrill",8.441421019462615,,/title/tt0021749/
52, Memento,2000,53,"Christopher Nolan (dir.), Guy Pearce, Carrie-Anne Moss",8.435720239360066,,/title/tt0209144/
53, Apocalypse Now,1979,54,"Francis Ford Coppola (dir.), Martin Sheen, Marlon Brando",8.432273845596086,,/title/tt0078788/
54, Cinema Paradiso,1988,55,"Giuseppe Tornatore (dir.), Philippe Noiret, Enzo Cannavale",8.431182974131465,,/title/tt0095765/
55, En busca del arca perdida,1981,56,"Steven Spielberg (dir.), Harrison Ford, Karen Allen",8.42163322718118,,/title/tt0082971/
56, Django desencadenado,2012,57,"Quentin Tarantino (dir.), Jamie Foxx, Christoph Waltz",8.410618729743046,,/title/tt1853728/
57, WALL·E,2008,58,"Andrew Stanton (dir.), Ben Burtt, Elissa Knight",8.401664535654563,,/title/tt0910970/
58, La vida de los otros,2006,59,"Florian Henckel von Donnersmarck (dir.), Ulrich Mühe, Martina Gedeck",8.391921908614032,,/title/tt0405094/
59, El crepúsculo de los dioses,1950,60,"Billy Wilder (dir.), William Holden, Gloria Swanson",8.38856536578014,,/title/tt0043014/
60, El resplandor,1980,61,"Stanley Kubrick (dir.), Jack Nicholson, Shelley Duvall",8.377091280679908,,/title/tt0081505/
61, Senderos de gloria,1957,62,"Stanley Kubrick (dir.), Kirk Douglas, Ralph Meeker",8.375761493020248,,/title/tt0050825/
62, El gran dictador,1940,63,"Charles Chaplin (dir.), Charles Chaplin, Paulette Goddard",8.373297823370573,,/title/tt0032553/
63, Vengadores: Infinity War,2018,64,"Anthony Russo (dir.), Robert Downey Jr., Chris Hemsworth",8.3651484196524,,/title/tt4154756/
64, Testigo de cargo,1957,65,"Billy Wilder (dir.), Tyrone Power, Marlene Dietrich",8.357917607489966,,/title/tt0051201/
65, Aliens: El regreso,1986,66,"James Cameron (dir.), Sigourney Weaver, Michael Biehn",8.35413957215029,,/title/tt0090605/
66, American Beauty,1999,67,"Sam Mendes (dir.), Kevin Spacey, Annette Bening",8.348176739964835,,/title/tt0169547/
67, El caballero oscuro: La leyenda renace,2012,68,"Christopher Nolan (dir.), Christian Bale, Tom Hardy",8.346442626290061,,/title/tt1345836/
68, ¿Teléfono rojo? Volamos hacia Moscú,1964,69,"Stanley Kubrick (dir.), Peter Sellers, George C. Scott",8.340920149215018,,/title/tt0057012/
69, Joker,2019,70,"Todd Phillips (dir.), Joaquin Phoenix, Robert De Niro",8.336352796882501,,/title/tt7286456/
70, Spider-Man: Un nuevo universo,2018,71,"Bob Persichetti (dir.), Shameik Moore, Jake Johnson",8.333884944167924,,/title/tt4633694/
71, Old Boy,2003,72,"Park Chan-wook (dir.), Choi Min-sik, Yoo Ji-Tae",8.32648243047765,,/title/tt0364569/
72, Braveheart,1995,73,"Mel Gibson (dir.), Mel Gibson, Sophie Marceau",8.32644827813269,,/title/tt0112573/
73, Toy Story,1995,74,"John Lasseter (dir.), Tom Hanks, Tim Allen",8.323850185412203,,/title/tt0114709/
74, Amadeus,1984,75,"Milos Forman (dir.), F. Murray Abraham, Tom Hulce",8.321484033583737,,/title/tt0086879/
75, Coco,2017,76,"Lee Unkrich (dir.), Anthony Gonzalez, Gael García Bernal",8.320386462603528,,/title/tt2380307/
76, Malditos bastardos,2009,77,"Quentin Tarantino (dir.), Brad Pitt, Diane Kruger",8.317883211203341,,/title/tt0361748/
77, El submarino (Das Boot),Das Boot,78,"Wolfgang Petersen (dir.), Jürgen Prochnow, Herbert Grönemeyer",8.31745083465001,,/title/tt0082096/
78, Vengadores: Endgame,2019,79,"Anthony Russo (dir.), Robert Downey Jr., Chris Evans",8.312411049701394,,/title/tt4154796/
79, La princesa Mononoke,1997,80,"Hayao Miyazaki (dir.), Yôji Matsuda, Yuriko Ishida",8.311510183114212,,/title/tt0119698/
80, Érase una vez en América,1984,81,"Sergio Leone (dir.), Robert De Niro, James Woods",8.311013805525683,,/title/tt0087843/
81, El indomable Will Hunting,1997,82,"Gus Van Sant (dir.), Robin Williams, Matt Damon",8.293208073383116,,/title/tt0119217/
82, Toy Story 3,2010,83,"Lee Unkrich (dir.), Tom Hanks, Tim Allen",8.289464964601477,,/title/tt0435761/
83, Réquiem por un sueño,2000,84,"Darren Aronofsky (dir.), Ellen Burstyn, Jared Leto",8.287244626963407,,/title/tt0180093/
84, 3 Idiots,2009,85,"Rajkumar Hirani (dir.), Aamir Khan, Madhavan",8.280999624866496,,/title/tt1187043/
85, Cantando bajo la lluvia,1952,86,"Stanley Donen (dir.), Gene Kelly, Donald O'Connor",8.280791567334088,,/title/tt0045152/
86," Your Name,",2016,87,"Makoto Shinkai (dir.), Ryûnosuke Kamiki, Mone Kamishiraishi",8.279859072481628,,/title/tt5311514/
87, El retorno del jedi,1983,88,"Richard Marquand (dir.), Mark Hamill, Harrison Ford",8.279037048059557,,/title/tt0086190/
88, Reservoir Dogs,1992,89,"Quentin Tarantino (dir.), Harvey Keitel, Tim Roth",8.2750364442796,,/title/tt0105236/
89, ¡Olvídate de mí!,2004,90,"Michel Gondry (dir.), Jim Carrey, Kate Winslet",8.274785739959809,,/title/tt0338013/
90, 2001: Una odisea del espacio,1968,91,"Stanley Kubrick (dir.), Keir Dullea, Gary Lockwood",8.27380768929978,,/title/tt0062622/
91, Ciudadano Kane,1941,92,"Orson Welles (dir.), Orson Welles, Joseph Cotten",8.265693688146326,,/title/tt0033467/
92, El infierno del odio,1963,93,"Akira Kurosawa (dir.), Toshirô Mifune, Yutaka Sada",8.265117852825679,,/title/tt0057565/
93, Lawrence de Arabia,1962,94,"David Lean (dir.), Peter O'Toole, Alec Guinness",8.263045500359382,,/title/tt0056172/
94," M, el vampiro de Düsseldorf",1931,95,"Fritz Lang (dir.), Peter Lorre, Ellen Widmann",8.261372090942835,,/title/tt0022100/
95, Con la muerte en los talones,1959,96,"Alfred Hitchcock (dir.), Cary Grant, Eva Marie Saint",8.261139970627797,,/title/tt0053125/
96, Cafarnaúm,2018,97,"Nadine Labaki (dir.), Zain Al Rafeea, Yordanos Shiferaw",8.261016759210825,,/title/tt8267604/
97, La caza,2012,98,"Thomas Vinterberg (dir.), Mads Mikkelsen, Thomas Bo Larsen",8.259674950988328,,/title/tt2106476/
98, Vértigo (De entre los muertos),De entre los muertos,99,"Alfred Hitchcock (dir.), James Stewart, Kim Novak",8.25502993421249,,/title/tt0052357/
99,", Amelie",2001,10,"Jean-Pierre Jeunet (dir.), Audrey Tautou, Mathieu Kassovitz",8.254884693598505,,/title/tt0211915/
100, La naranja mecánica,1971,101,"Stanley Kubrick (dir.), Malcolm McDowell, Patrick Magee",8.25456573039585,,/title/tt0066921/
101, La chaqueta metálica,1987,102,"Stanley Kubrick (dir.), Matthew Modine, R. Lee Ermey",8.248509404097364,,/title/tt0093058/
102, El precio del poder,1983,103,"Brian De Palma (dir.), Al Pacino, Michelle Pfeiffer",8.246203560990182,,/title/tt0086250/
103, Perdición,1944,104,"Billy Wilder (dir.), Fred MacMurray, Barbara Stanwyck",8.24333732620292,,/title/tt0036775/
104, El apartamento,1960,105,"Billy Wilder (dir.), Jack Lemmon, Shirley MacLaine",8.240848857469361,,/title/tt0053604/
105, Masacre (Ven y mira),Ven y mira,106,"Elem Klimov (dir.), Aleksey Kravchenko, Olga Mironova",8.240580330803883,,/title/tt0091251/
106, Taxi Driver,1976,107,"Martin Scorsese (dir.), Robert De Niro, Jodie Foster",8.239721886108262,,/title/tt0075314/
107, Hamilton,2020,108,"Thomas Kail (dir.), Lin-Manuel Miranda, Phillipa Soo",8.2366980155843,,/title/tt8503618/
108, Matar a un ruiseñor,1962,109,"Robert Mulligan (dir.), Gregory Peck, John Megna",8.236373578679265,,/title/tt0056592/
109," L,A, Confidential",1997,110,"Curtis Hanson (dir.), Kevin Spacey, Russell Crowe",8.234656541984876,,/title/tt0119488/
110, El golpe,1973,111,"George Roy Hill (dir.), Paul Newman, Robert Redford",8.234609037135844,,/title/tt0070735/
111, Up,2009,112,"Pete Docter (dir.), Edward Asner, Jordan Nagai",8.234363181526653,,/title/tt1049413/
112, Heat,1995,113,"Michael Mann (dir.), Al Pacino, Robert De Niro",8.232014389663725,,/title/tt0113277/
113, Ikiru (Vivir),Vivir,114,"Akira Kurosawa (dir.), Takashi Shimura, Nobuo Kaneko",8.230589922995756,,/title/tt0044741/
114," Snatch, cerdos y diamantes",2000,115,"Guy Ritchie (dir.), Jason Statham, Brad Pitt",8.230564544823524,,/title/tt0208092/
115, Jungla de cristal,1988,116,"John McTiernan (dir.), Bruce Willis, Alan Rickman",8.230085231248683,,/title/tt0095016/
116, Indiana Jones y la última cruzada,1989,117,"Steven Spielberg (dir.), Harrison Ford, Sean Connery",8.22823859975864,,/title/tt0097576/
117," Nader y Simin, una separación",2011,118,"Asghar Farhadi (dir.), Payman Maadi, Leila Hatami",8.227802018386491,,/title/tt1832382/
118, Metrópolis,1927,119,"Fritz Lang (dir.), Brigitte Helm, Alfred Abel",8.226798921393092,,/title/tt0017136/
119, Ladrón de bicicletas,1948,120,"Vittorio De Sica (dir.), Lamberto Maggiorani, Enzo Staiola",8.223372793888526,,/title/tt0040522/
120, Incendios,2010,121,"Denis Villeneuve (dir.), Lubna Azabal, Mélissa Désormeaux-Poulin",8.222602072138821,,/title/tt1255953/
121, 1917,2019,122,"Sam Mendes (dir.), Dean-Charles Chapman, George MacKay",8.219924601685353,,/title/tt8579674/
122, Taare Zameen Par,2007,123,"Aamir Khan (dir.), Darsheel Safary, Aamir Khan",8.218830879948293,,/title/tt0986264/
123, Batman Begins,2005,124,"Christopher Nolan (dir.), Christian Bale, Michael Caine",8.217611663630986,,/title/tt0372784/
124, La muerte tenía un precio,1965,125,"Sergio Leone (dir.), Clint Eastwood, Lee Van Cleef",8.212390145805486,,/title/tt0059578/
125, Dangal,2016,126,"Nitesh Tiwari (dir.), Aamir Khan, Sakshi Tanwar",8.211665801101441,,/title/tt5074352/
126, El hundimiento,2004,127,"Oliver Hirschbiegel (dir.), Bruno Ganz, Alexandra Maria Lara",8.21107938108617,,/title/tt0363163/
127, El chico,1921,128,"Charles Chaplin (dir.), Charles Chaplin, Edna Purviance",8.202004170697501,,/title/tt0012349/
128, Con faldas y a lo loco,1959,129,"Billy Wilder (dir.), Marilyn Monroe, Tony Curtis",8.197981848570599,,/title/tt0053291/
129, El padre,2020,130,"Florian Zeller (dir.), Anthony Hopkins, Olivia Colman",8.1908784316124,,/title/tt10272386/
130, Eva al desnudo,1950,131,"Joseph L. Mankiewicz (dir.), Bette Davis, Anne Baxter",8.185022358866307,,/title/tt0042192/
131, Green Book,2018,132,"Peter Farrelly (dir.), Viggo Mortensen, Mahershala Ali",8.180918937930533,,/title/tt6966692/
132, El lobo de Wall Street,2013,133,"Martin Scorsese (dir.), Leonardo DiCaprio, Jonah Hill",8.180176018622536,,/title/tt0993846/
133, Sin perdón,1992,134,"Clint Eastwood (dir.), Clint Eastwood, Gene Hackman",8.173061729201814,,/title/tt0105695/
134, Casino,1995,135,"Martin Scorsese (dir.), Robert De Niro, Sharon Stone",8.172530620464748,,/title/tt0112641/
135, El laberinto del fauno,2006,136,"Guillermo del Toro (dir.), Ivana Baquero, Ariadna Gil",8.172336008823908,,/title/tt0457430/
136, Vencedores o vencidos,1961,137,"Stanley Kramer (dir.), Spencer Tracy, Burt Lancaster",8.1716814675964,,/title/tt0055031/
137, Ran,1985,138,"Akira Kurosawa (dir.), Tatsuya Nakadai, Akira Terao",8.167027301535894,,/title/tt0089881/
138, Una mente maravillosa,2001,139,"Ron Howard (dir.), Russell Crowe, Ed Harris",8.163433994259675,,/title/tt0268978/
139, El sexto sentido,1999,140,"M. Night Shyamalan (dir.), Bruce Willis, Haley Joel Osment",8.161402504155511,,/title/tt0167404/
140, Los caballeros de la mesa cuadrada y sus locos seguidores,1975,141,"Terry Gilliam (dir.), Graham Chapman, John Cleese",8.161339758109676,,/title/tt0071853/
141, Pozos de ambición,2007,142,"Paul Thomas Anderson (dir.), Daniel Day-Lewis, Paul Dano",8.159102375161424,,/title/tt0469494/
142, El show de Truman,1998,143,"Peter Weir (dir.), Jim Carrey, Ed Harris",8.156563519163306,,/title/tt0120382/
143, Yojimbo,1961,144,"Akira Kurosawa (dir.), Toshirô Mifune, Eijirô Tôno",8.15462573272435,,/title/tt0055630/
144, El tesoro de Sierra Madre,1948,145,"John Huston (dir.), Humphrey Bogart, Walter Huston",8.153015418898011,,/title/tt0040897/
145, Shutter Island,2010,146,"Martin Scorsese (dir.), Leonardo DiCaprio, Emily Mortimer",8.150664505825652,,/title/tt1130884/
146, La gran evasión,1963,147,"John Sturges (dir.), Steve McQueen, James Garner",8.15017686765364,,/title/tt0057115/
147, Rashomon,1950,148,"Akira Kurosawa (dir.), Toshirô Mifune, Machiko Kyô",8.148694222885398,,/title/tt0042876/
148, Jurassic Park (Parque Jurásico),Parque Jurásico,149,"Steven Spielberg (dir.), Sam Neill, Laura Dern",8.145141852998005,,/title/tt0107290/
149, Kill Bill: Volumen 1,2003,150,"Quentin Tarantino (dir.), Uma Thurman, David Carradine",8.144644263188695,,/title/tt0266697/
150, Buscando a Nemo,2003,151,"Andrew Stanton (dir.), Albert Brooks, Ellen DeGeneres",8.14170564868906,,/title/tt0266543/
151, No es país para viejos,2007,152,"Ethan Coen (dir.), Tommy Lee Jones, Javier Bardem",8.141334882638207,,/title/tt0477348/
152, Toro salvaje,1980,153,"Martin Scorsese (dir.), Robert De Niro, Cathy Moriarty",8.140243499791419,,/title/tt0081398/
153, El hombre elefante,1980,154,"David Lynch (dir.), Anthony Hopkins, John Hurt",8.138657810309482,,/title/tt0080678/
154, V de Vendetta,2005,155,"James McTeigue (dir.), Hugo Weaving, Natalie Portman",8.138566445231843,,/title/tt0434409/
155, Lo que el viento se llevó,1939,156,"Victor Fleming (dir.), Clark Gable, Vivien Leigh",8.137558678737296,,/title/tt0031381/
156, Chinatown,1974,157,"Roman Polanski (dir.), Jack Nicholson, Faye Dunaway",8.135840044016991,,/title/tt0071315/
157, Del revés (Inside Out),Inside Out,158,"Pete Docter (dir.), Amy Poehler, Bill Hader",8.134834100094757,,/title/tt2096673/
158, Lock & Stock,1998,159,"Guy Ritchie (dir.), Jason Flemyng, Dexter Fletcher",8.132548966509365,,/title/tt0120735/
159, The Thing,1982,160,"John Carpenter (dir.), Kurt Russell, Wilford Brimley",8.130695725715613,,/title/tt0084787/
160, Crimen perfecto,1954,161,"Alfred Hitchcock (dir.), Ray Milland, Grace Kelly",8.124688909353749,,/title/tt0046912/
161, El secreto de sus ojos,2009,162,"Juan José Campanella (dir.), Ricardo Darín, Soledad Villamil",8.124055948565225,,/title/tt1305806/
162, El castillo ambulante,2004,163,"Hayao Miyazaki (dir.), Chieko Baishô, Takuya Kimura",8.123335785092713,,/title/tt0347149/
163, El puente sobre el río Kwai,1957,164,"David Lean (dir.), William Holden, Alec Guinness",8.121500521510272,,/title/tt0050212/
164, Trainspotting,1996,165,"Danny Boyle (dir.), Ewan McGregor, Ewen Bremner",8.119130956858468,,/title/tt0117951/
165, Tres anuncios en las afueras,2017,166,"Martin McDonagh (dir.), Frances McDormand, Woody Harrelson",8.117716411758424,,/title/tt5027774/
166, Warrior,2011,167,"Gavin O'Connor (dir.), Tom Hardy, Nick Nolte",8.117651385994206,,/title/tt1291584/
167, Gran Torino,2008,168,"Clint Eastwood (dir.), Clint Eastwood, Bee Vang",8.115439392285854,,/title/tt1205489/
168, Fargo,1996,169,"Joel Coen (dir.), William H. Macy, Frances McDormand",8.109932415540813,,/title/tt0116282/
169, Mi vecino Totoro,1988,170,"Hayao Miyazaki (dir.), Hitoshi Takagi, Noriko Hidaka",8.105096631861162,,/title/tt0096283/
170, Prisioneros,2013,171,"Denis Villeneuve (dir.), Hugh Jackman, Jake Gyllenhaal",8.099318368176945,,/title/tt1392214/
171, Million Dollar Baby,2004,172,"Clint Eastwood (dir.), Hilary Swank, Clint Eastwood",8.098094315653295,,/title/tt0405159/
172, Blade Runner,1982,173,"Ridley Scott (dir.), Harrison Ford, Rutger Hauer",8.095139266378746,,/title/tt0083658/
173, La quimera del oro,1925,174,"Charles Chaplin (dir.), Charles Chaplin, Mack Swain",8.094642777247852,,/title/tt0015864/
174, Atrápame si puedes,2002,175,"Steven Spielberg (dir.), Leonardo DiCaprio, Tom Hanks",8.094007167770238,,/title/tt0264464/
175, La ley del silencio,1954,176,"Elia Kazan (dir.), Marlon Brando, Karl Malden",8.09360154338949,,/title/tt0047296/
176, Children of Heaven,1997,177,"Majid Majidi (dir.), Mohammad Amir Naji, Amir Farrokh Hashemian",8.090537843001746,,/title/tt0118849/
177, El tercer hombre,1949,178,"Carol Reed (dir.), Orson Welles, Joseph Cotten",8.089728532523038,,/title/tt0041959/
178, Harry Potter y las Reliquias de la Muerte - Parte 2,2011,179,"David Yates (dir.), Daniel Radcliffe, Emma Watson",8.089448246367093,,/title/tt1201607/
179, Perdida,2014,180,"David Fincher (dir.), Ben Affleck, Rosamund Pike",8.086310614430275,,/title/tt2267998/
180, Ben-Hur,1959,181,"William Wyler (dir.), Charlton Heston, Jack Hawkins",8.085785575165085,,/title/tt0052618/
181, 12 años de esclavitud,2013,182,"Steve McQueen (dir.), Chiwetel Ejiofor, Michael Kenneth Williams",8.08530454139606,,/title/tt2024544/
182, El maquinista de La General,1926,183,"Clyde Bruckman (dir.), Buster Keaton, Marion Mack",8.084569752133792,,/title/tt0017925/
183, El cazador,1978,184,"Michael Cimino (dir.), Robert De Niro, Christopher Walken",8.08382684492514,,/title/tt0077416/
184, Fresas salvajes,1957,185,"Ingmar Bergman (dir.), Victor Sjöström, Bibi Andersson",8.081848058375122,,/title/tt0050986/
185, Antes de amanecer,1995,186,"Richard Linklater (dir.), Ethan Hawke, Julie Delpy",8.081038730930933,,/title/tt0112471/
186, Pather Panchali (La canción del camino),La canción del camino,187,"Satyajit Ray (dir.), Kanu Bannerjee, Karuna Bannerjee",8.080975953596097,,/title/tt0048473/
187, En el nombre del padre,1993,188,"Jim Sheridan (dir.), Daniel Day-Lewis, Pete Postlethwaite",8.080557974034042,,/title/tt0107207/
188, Caballero sin espada,1939,189,"Frank Capra (dir.), James Stewart, Jean Arthur",8.07830488572852,,/title/tt0031679/
189, El gran hotel Budapest,2014,190,"Wes Anderson (dir.), Ralph Fiennes, F. Murray Abraham",8.07789975770559,,/title/tt2278388/
190, La habitación,2015,191,"Lenny Abrahamson (dir.), Brie Larson, Jacob Tremblay",8.07788009041888,,/title/tt3170832/
191, El moderno Sherlock Holmes,1924,192,"Buster Keaton (dir.), Buster Keaton, Kathryn McGuire",8.075814942672132,,/title/tt0015324/
192, Hasta el último hombre,2016,193,"Mel Gibson (dir.), Andrew Garfield, Sam Worthington",8.075117848978731,,/title/tt2119532/
193, Cómo entrenar a tu dragón,2010,194,"Dean DeBlois (dir.), Jay Baruchel, Gerard Butler",8.07479373104765,,/title/tt0892769/
194, El salario del miedo,1953,195,"Henri-Georges Clouzot (dir.), Yves Montand, Charles Vanel",8.074621716991686,,/title/tt0046268/
195, Memories of Murder (Crónica de un asesino en serie),Crónica de un asesino en serie,196,"Bong Joon Ho (dir.), Kang-ho Song, Kim Sang-kyung",8.07416192574915,,/title/tt0353969/
196, El séptimo sello,1957,197,"Ingmar Bergman (dir.), Max von Sydow, Gunnar Björnstrand",8.073636764626702,,/title/tt0050976/
197, Barry Lyndon,1975,198,"Stanley Kubrick (dir.), Ryan O'Neal, Marisa Berenson",8.072933001592846,,/title/tt0072684/
198, El gran Lebowski,1998,199,"Joel Coen (dir.), Jeff Bridges, John Goodman",8.072056739888566,,/title/tt0118715/
199, Mad Max: Furia en la carretera,2015,200,"George Miller (dir.), Tom Hardy, Charlize Theron",8.071524762417665,,/title/tt1392190/
200, Klaus,2019,201,"Sergio Pablos (dir.), Jason Schwartzman, J.K. Simmons",8.07148835669445,,/title/tt4729430/
201, Relatos salvajes,2014,202,"Damián Szifron (dir.), Darío Grandinetti, María Marull",8.07032881292069,,/title/tt3011894/
202," Monstruos, S,A,",2001,203,"Pete Docter (dir.), Billy Crystal, John Goodman",8.068033832471043,,/title/tt0198781/
203, Mary and Max,2009,204,"Adam Elliot (dir.), Toni Collette, Philip Seymour Hoffman",8.066190130660747,,/title/tt0978762/
204, Tiburón,1975,205,"Steven Spielberg (dir.), Roy Scheider, Robert Shaw",8.066011187924037,,/title/tt0073195/
205, La pasión de Juana de Arco,1928,206,"Carl Theodor Dreyer (dir.), Maria Falconetti, Eugene Silvain",8.063266395060358,,/title/tt0019254/
206, Hotel Rwanda,2004,207,"Terry George (dir.), Don Cheadle, Sophie Okonedo",8.061216865461093,,/title/tt0395169/
207, Rocky,1976,208,"John G. Avildsen (dir.), Sylvester Stallone, Talia Shire",8.05851820196875,,/title/tt0075148/
208, El club de los poetas muertos,1989,209,"Peter Weir (dir.), Robin Williams, Robert Sean Leonard",8.05724528279936,,/title/tt0097165/
209, Cuentos de Tokio,1953,210,"Yasujirô Ozu (dir.), Chishû Ryû, Chieko Higashiyama",8.057162311386358,,/title/tt0046438/
210, Platoon,1986,211,"Oliver Stone (dir.), Charlie Sheen, Tom Berenger",8.055661919638894,,/title/tt0091763/
211, Terminator,1984,212,"James Cameron (dir.), Arnold Schwarzenegger, Linda Hamilton",8.052526420167652,,/title/tt0088247/
212, Le Mans '66,2019,213,"James Mangold (dir.), Matt Damon, Christian Bale",8.052263429536804,,/title/tt1950186/
213, Cuenta conmigo,1986,214,"Rob Reiner (dir.), Wil Wheaton, River Phoenix",8.051787576990119,,/title/tt0092005/
214, Rush,2013,215,"Ron Howard (dir.), Daniel Brühl, Chris Hemsworth",8.049579501327807,,/title/tt1979320/
215, Hacia rutas salvajes,2007,216,"Sean Penn (dir.), Emile Hirsch, Vince Vaughn",8.04880255414961,,/title/tt0758758/
216, El mago de Oz,1939,217,"Victor Fleming (dir.), Judy Garland, Frank Morgan",8.047131569549283,,/title/tt0032138/
217, Logan,2017,218,"James Mangold (dir.), Hugh Jackman, Patrick Stewart",8.04608950413971,,/title/tt3315342/
218, Spotlight,2015,219,"Tom McCarthy (dir.), Mark Ruffalo, Michael Keaton",8.044911180353933,,/title/tt1895587/
219," Network, un mundo implacable",1976,220,"Sidney Lumet (dir.), Faye Dunaway, William Holden",8.0431385844549,,/title/tt0074958/
220, Atrapado en el tiempo,1993,221,"Harold Ramis (dir.), Bill Murray, Andie MacDowell",8.041883863238194,,/title/tt0107048/
221, El exorcista,1973,222,"William Friedkin (dir.), Ellen Burstyn, Max von Sydow",8.038471596897427,,/title/tt0070047/
222, Ratatouille,2007,223,"Brad Bird (dir.), Brad Garrett, Lou Romano",8.03794745996841,,/title/tt0382932/
223, Siempre a tu lado (Hachiko),Hachiko,224,"Lasse Hallström (dir.), Richard Gere, Joan Allen",8.035431448901718,,/title/tt1028532/
224, Los Increíbles,2004,225,"Brad Bird (dir.), Craig T. Nelson, Samuel L. Jackson",8.034766289425718,,/title/tt0317705/
225, Dersu Uzala (El cazador),El cazador,226,"Akira Kurosawa (dir.), Maksim Munzuk, Yuriy Solomin",8.034675880070214,,/title/tt0071411/
226, Los mejores años de nuestra vida,1946,227,"William Wyler (dir.), Myrna Loy, Dana Andrews",8.033560509077843,,/title/tt0036868/
227, Dune,2021,228,"Denis Villeneuve (dir.), Timothée Chalamet, Rebecca Ferguson",8.032671832695362,,/title/tt1160419/
228, Antes del atardecer,2004,229,"Richard Linklater (dir.), Ethan Hawke, Julie Delpy",8.032667467499646,,/title/tt0381681/
229, Rebeca,1940,230,"Alfred Hitchcock (dir.), Laurence Olivier, Joan Fontaine",8.030931626038292,,/title/tt0032976/
230, Mi padre y mi hijo,2005,231,"Cagan Irmak (dir.), Eser Sariyar, Çetin Tekindor",8.030000766312673,,/title/tt0476735/
231, Las uvas de la ira,1940,232,"John Ford (dir.), Henry Fonda, Jane Darwell",8.029790464019438,,/title/tt0032551/
232, La leyenda del indomable,1967,233,"Stuart Rosenberg (dir.), Paul Newman, George Kennedy",8.028968627728752,,/title/tt0061512/
233, Ser o no ser,1942,234,"Ernst Lubitsch (dir.), Carole Lombard, Jack Benny",8.028149424285411,,/title/tt0035446/
234, Amores perros,2000,235,"Alejandro G. Iñárritu (dir.), Emilio Echevarría, Gael García Bernal",8.027400187130494,,/title/tt0245712/
235, La batalla de Argel,1966,236,"Gillo Pontecorvo (dir.), Brahim Hadjadj, Jean Martin",8.027385965298201,,/title/tt0058946/
236, Piratas del Caribe: La maldición de la Perla Negra,2003,237,"Gore Verbinski (dir.), Johnny Depp, Geoffrey Rush",8.027219071988858,,/title/tt0325980/
237, Sonrisas y lágrimas,1965,238,"Robert Wise (dir.), Julie Andrews, Christopher Plummer",8.02366897975403,,/title/tt0059742/
238, La vida de Brian,1979,239,"Terry Jones (dir.), Graham Chapman, John Cleese",8.022528389233578,,/title/tt0079470/
239, Los cuatrocientos golpes,1959,240,"François Truffaut (dir.), Jean-Pierre Léaud, Albert Rémy",8.022035233327857,,/title/tt0053198/
240, Persona,1966,241,"Ingmar Bergman (dir.), Bibi Andersson, Liv Ullmann",8.021421972297752,,/title/tt0060827/
241, Sucedió una noche,1934,242,"Frank Capra (dir.), Clark Gable, Claudette Colbert",8.020532330374001,,/title/tt0025316/
242, El odio,1995,243,"Mathieu Kassovitz (dir.), Vincent Cassel, Hubert Koundé",8.019332329641383,,/title/tt0113247/
243, Aladdín,1992,244,"Ron Clements (dir.), Scott Weinger, Robin Williams",8.018673497978103,,/title/tt0103639/
244, Jai Bhim,2021,245,"T.J. Gnanavel (dir.), Suriya, Lijo Mol Jose",8.017855315116304,,/title/tt15097216/
245, La bella y la bestia,1991,246,"Gary Trousdale (dir.), Paige O'Hara, Robby Benson",8.017477946534775,,/title/tt0101414/
246, Gandhi,1982,247,"Richard Attenborough (dir.), Ben Kingsley, John Gielgud",8.015616729970288,,/title/tt0083987/
247, Criadas y señoras,2011,248,"Tate Taylor (dir.), Emma Stone, Viola Davis",8.01482280406514,,/title/tt1454029/
248, La doncella,2016,249,"Park Chan-wook (dir.), Kim Min-hee, Ha Jung-woo",8.012687350410939,,/title/tt4016934/
249, Donnie Darko,2001,250,"Richard Kelly (dir.), Jake Gyllenhaal, Jena Malone",8.008990936981084,,/title/tt0246578/
